scenario,headway_s,min_gap_m,min_gap_margin_m,below_desired_gap_s,follow_gap_rmse_m,speed_settling_s,set_speed_overshoot_kmh,peak_acceleration_mps2,peak_braking_mps2,rms_jerk_mps3,peak_jerk_mps3,emergency_s,mode_transitions,collision,first_collision_s,final_speed_kmh
free_cruise,1.0,,,0.0,,7.08,1.0757176753731443,1.9999999992587634,0.03608905461522934,0.3976719120863769,2.500000000000002,0.0,0,False,,100.01070976193748
steady_follow,1.0,50.19730866539881,21.334053852701384,0.0,27.765883435167222,,0.0,1.9999958960255946,3.96910329689291,3.466036465128732,21.806522276748918,9.48,30,False,,73.01896966909536
lead_slowdown,1.0,18.965084616252007,0.06722171380758013,0.0,11.960154559939044,11.900000000000002,0.0,1.9996754473969793,3.9975681813463386,1.8982667383837197,21.183003423080066,3.4,6,False,,50.032306448799936
hard_brake,1.0,6.08058558201066,-0.9194016632776716,1.36,16.27605714728872,2.3599999999999994,0.0,1.9955483984363864,3.9999999996144884,5.331077522994125,199.99999998072443,27.3,5,False,,0.0
catch_slower,1.0,34.25332747439102,11.062557080265375,0.0,22.917292006848427,,0.0,1.9999999823799217,3.9999840964565894,2.395832244423485,15.818584381959417,11.040000000000001,22,False,,69.48142281319672
road_clears,1.0,34.252359074998324,11.061640520537548,0.0,17.691334346528162,8.759999999999998,1.0899678703783209,1.9999999999440001,3.93994735186052,1.832608687113664,15.507018424390223,3.7,9,False,,100.04229780078644
free_cruise,1.5,,,0.0,,7.08,1.0757176753731443,1.9999999992587634,0.03608905461522934,0.3976719120863769,2.500000000000002,0.0,0,False,,100.01070976193748
steady_follow,1.5,38.3604481266843,0.02243852349170794,0.0,3.8442376522381014,10.4,0.0,1.7028540295151937,0.3364679136722422,0.341238899845668,2.500000000000002,0.0,0,False,,80.01122304766221
lead_slowdown,1.5,25.898589528639146,0.054002546791345196,0.0,2.196337198500359,0.9200000000000017,0.0,0.7650601224000817,1.4337186319212134,0.24906494214654176,2.500000000000001,0.0,0,False,,50.027008756434725
hard_brake,1.5,7.929049435739534,-1.5709498520833076,1.78,0.8535376473291705,1.9000000000000004,0.0,0.1959494729934668,3.9999999998702367,4.859700033821299,199.99999999351184,26.740000000000002,1,False,,0.0
catch_slower,1.5,30.023622116266043,0.019548275575562712,0.0,11.314062966959124,19.82,0.0,0.0,1.579724495608952,0.1848113032687868,1.7999570968403544,0.0,0,False,,60.00977721765715
road_clears,1.5,30.547413045743806,0.45289581204221463,0.0,3.6369564983625544,6.220000000000002,1.0739266610163924,1.9999999729413376,0.9666185761141836,0.37442327391922703,2.500000000000002,0.0,1,False,,100.02490585024847
free_cruise,2.0,,,0.0,,7.08,1.0757176753731443,1.9999999992587634,0.03608905461522934,0.3976719120863769,2.500000000000002,0.0,0,False,,100.01070976193748
steady_follow,2.0,49.45464337029778,0.007914523845030885,0.0,1.1544859533610512,5.08,0.0,0.6341329355400906,0.10594614260950917,0.1718286624515906,2.500000000000001,0.0,0,False,,80.00411192361496
lead_slowdown,2.0,32.860606798251766,-4.444444444399998,11.56,2.244309049332828,1.620000000000001,0.0,0.08560140845787269,1.3282505576236427,0.21165870603291195,2.5,0.0,0,False,,50.0333806155203
hard_brake,2.0,10.317483673098465,-9.444444444399998,13.46,4.631896142179176,2.1799999999999997,0.0,0.1753824093796683,3.9999999994347344,4.8238641823839,199.9999999717367,25.94,1,False,,0.0
catch_slower,2.0,38.36008208064495,0.020758735249224003,0.0,8.889032925412879,19.580000000000002,0.0,0.0,2.606960654635982,0.33842686544360523,2.500000000000002,0.0,0,False,,60.01078202171231
road_clears,2.0,38.64190113123581,-0.9777833333139938,1.3,0.9915968310917473,6.240000000000002,1.0862388033060868,1.9999999731033553,1.9215683869227789,0.45943613608742634,2.500000000000002,0.0,1,False,,100.02519382432705
